ticker,nasdaq,marketCap
A,y,30192214016.0
AA,y,2727505152.0
AACG,y,40307768.0
AAL,y,6626549760.0
AAMC,y,21304006.0
AAME,y,37811040.0
AAN,y,3667219456.0
AAOI,y,321364096.0
AAON,y,3048525568.0
AAP,y,10501309440.0
AAPL,y,1900303876096.0
AAT,y,1641819648.0
AAU,y,82223080.0
AAWW,y,1543298304.0
AAXN,y,5307523584.0
AB,y,2705002496.0
ABB,y,55178846208.0
ABBV,y,163987996672.0
ABC,y,20842897408.0
ABCB,y,1793508864.0
ABEO,y,239376000.0
ABEV,y,38932946944.0
ABG,y,1977356416.0
ABIO,y,40628328.0
ABM,y,2584644608.0
ABMD,y,14000607232.0
ABR,y,1279228160.0
ABT,y,179230769152.0
ABTX,y,537964032.0
ABUS,y,262053312.0
AC,y,919454592.0
ACA,y,2211550464.0
ACAD,y,6659940352.0
ACAM,y,389606336.0
ACAMU,y,327399616.0
ACB,y,1156381568.0
ACBI,y,237542272.0
ACC,y,4799227904.0
ACCO,y,662179328.0
ACEL,y,799459648.0
ACER,y,63882900.0
ACGL,y,13189965824.0
ACGLO,y,15335240704.0
ACGLP,y,15474853888.0
ACH,y,7345920512.0
ACHC,y,2762304256.0
ACHV,y,20614712.0
ACIA,y,2854065920.0
ACIU,y,482895168.0
ACIW,y,3536322560.0
ACLS,y,871099200.0
ACM,y,6179787776.0
ACMR,y,1839931136.0
ACN,y,147526189056.0
ACNB,y,193047648.0
ACOR,y,35534804.0
ACP,y,180073584.0
ACRE,y,325724096.0
ACRS,y,87919224.0
ACRX,y,106608224.0
ACST,y,73442816.0
ACTG,y,201642000.0
ACTT,y,404624992.0
ACTTU,y,468694208.0
ACU,y,75065096.0
ACV,y,269201408.0
ACY,y,4884981.0
ADAP,y,1226398336.0
ADBE,y,215642996736.0
ADC,y,3695793920.0
ADES,y,77670600.0
ADI,y,42916728832.0
ADIL,y,25016256.0
ADM,y,24465135616.0
ADMA,y,250415008.0
ADMP,y,87226544.0
ADMS,y,106437992.0
ADNT,y,1436348672.0
ADP,y,59330871296.0
ADPT,y,4901103616.0
ADRO,y,207105744.0
ADS,y,2202047232.0
ADSK,y,51783098368.0
ADSW,y,2742712832.0
ADT,y,9399293952.0
ADTN,y,594672960.0
ADUS,y,1545038592.0
ADVM,y,1482256640.0
ADX,y,1751970048.0
ADXS,y,33884180.0
AE,y,93864216.0
AEE,y,20289503232.0
AEF,y,338514496.0
AEG,y,6751809536.0
AEGN,y,533576096.0
AEHR,y,48791796.0
AEIS,y,3014334208.0
AEL,y,2288961536.0
AEM,y,19956203520.0
AEMD,y,23295872.0
AEO,y,1802295040.0
AEP,y,42917486592.0
AER,y,4093776640.0
AERI,y,585965248.0
AES,y,11409804288.0
AESE,y,59851204.0
AEY,y,24816980.0
AEYE,y,119730336.0
AEZS,y,19976002.0
AFB,y,398116864.0
AFG,y,5844401152.0
AFH,y,6449112.0
AFI,y,66077944.0
AFIN,y,829153920.0
AFINP,y,1041894464.0
AFL,y,26035546112.0
AFMD,y,290512128.0
AFT,y,199491424.0
AFYA,y,2486948352.0
AG,y,2734231808.0
AGBA,y,61721748.0
AGCO,y,5144166400.0
AGD,y,116585784.0
AGE,y,51589268.0
AGEN,y,655275008.0
AGFS,y,138464704.0
AGI,y,4112312064.0
AGIO,y,2988320768.0
AGLE,y,311306592.0
AGM,y,672455808.0
AGMH,y,432788672.0
AGNC,y,7571465728.0
AGNCM,y,8101731328.0
AGNCN,y,8215348224.0
AGO,y,2010380928.0
AGR,y,15218495488.0
AGRO,y,517397408.0
AGRX,y,231114992.0
AGS,y,146389984.0
AGTC,y,142226112.0
AGX,y,701902464.0
AGYS,y,554942976.0
AHC,y,41311536.0
AHCO,y,2300721408.0
AHH,y,811794688.0
AHPI,y,41540140.0
AHT,y,40852892.0
AI,y,96995424.0
AIF,y,182680320.0
AIG,y,26411565056.0
AIH,y,103896760.0
AIHS,y,14705413.0
AIKI,y,40507432.0
AIM,y,97546360.0
AIMC,y,2417487872.0
AIMT,y,901247936.0
AIN,y,1695750016.0
AINC,y,17212274.0
AINV,y,627793472.0
AIO,y,738976384.0
AIR,y,659866880.0
AIRG,y,129449080.0
AIRI,y,38835456.0
AIRT,y,35648732.0
AIRTP,y,505871104.0
AIT,y,2603432960.0
AIV,y,5512470528.0
AIW,y,245603504.0
AIZ,y,7290107392.0
AIZP,y,7017917440.0
AJG,y,20450801664.0
AJRD,y,3423171328.0
AJX,y,217328992.0
AKAM,y,17802860544.0
AKBA,y,1569217664.0
AKCA,y,1178548480.0
AKER,y,36627740.0
AKG,y,249907392.0
AKR,y,1089035904.0
AKRO,y,1219914880.0
AKRX,y,11983680.0
AKTS,y,289563872.0
AKTX,y,63904968.0
AL,y,3388834304.0
ALAC,y,155711888.0
ALACU,y,43258644.0
ALB,y,8980870144.0
ALBO,y,371791200.0
ALC,y,30063136768.0
ALCO,y,242699680.0
ALDX,y,245068800.0
ALE,y,3136707072.0
ALEC,y,1173643008.0
ALEX,y,862616512.0
ALG,y,1298418048.0
ALGN,y,24093761536.0
ALGR,y,157048576.0
ALGRU,y,199937024.0
ALGT,y,1919190272.0
ALIM,y,31750280.0
ALJJ,y,30364418.0
ALK,y,4526460416.0
ALKS,y,2973327616.0
ALL,y,30266544128.0
ALLE,y,9233485824.0
ALLK,y,4144656128.0
ALLO,y,5241558016.0
ALLT,y,400791936.0
ALLY,y,8026279936.0
ALNA,y,56797160.0
ALNY,y,16479971328.0
ALO,y,107664600.0
ALOT,y,51432420.0
ALPN,y,251309168.0
ALRM,y,2950189568.0
ALRN,y,56929320.0
ALRS,y,346347712.0
ALSK,y,124796656.0
ALSN,y,4241679104.0
ALT,y,876228416.0
ALTG,y,220745280.0
ALTM,y,223389376.0
ALTR,y,2989724672.0
ALUS,y,358296896.0
ALV,y,5887909888.0
ALX,y,1310785920.0
ALXN,y,22636185600.0
ALYA,y,97779008.0
AM,y,3307583232.0
AMAG,y,361578048.0
AMAL,y,373553632.0
AMAT,y,58260570112.0
AMBA,y,1591635328.0
AMBC,y,625341120.0
AMBO,y,66240384.0
AMC,y,519265248.0
AMCI,y,283644864.0
AMCIU,y,69743440.0
AMCR,y,17019696128.0
AMCX,y,1227923840.0
AMD,y,99618988032.0
AME,y,22455517184.0
AMED,y,7694607872.0
AMEH,y,611276032.0
AMG,y,3358340608.0
AMGN,y,140970688512.0
AMH,y,8799544320.0
AMHC,y,125000000.0
AMK,y,1753288064.0
AMKR,y,3142637568.0
AMN,y,2754690304.0
AMNB,y,265884272.0
AMOT,y,416569248.0
AMOV,y,54386958336.0
AMP,y,19276703744.0
AMPE,y,180072832.0
AMPH,y,930433728.0
AMPY,y,47027124.0
AMRB,y,58887880.0
AMRC,y,1448028032.0
AMRH,y,6793496.0
AMRK,y,178387888.0
AMRN,y,2699172096.0
AMRS,y,789825472.0
AMRX,y,1320490752.0
AMS,y,12286080.0
AMSC,y,265132848.0
AMSF,y,1309682048.0
AMSWA,y,556706432.0
AMT,y,114268323840.0
AMTB,y,539148544.0
AMTBB,y,535113792.0
AMTD,y,19927642112.0
AMTX,y,40746692.0
AMWD,y,1477055872.0
AMX,y,55301390336.0
AMZN,y,1586548965376.0
AN,y,4650309120.0
ANAB,y,503535232.0
ANAT,y,2009818240.0
ANCN,y,8013460.0
ANDA,y,141451104.0
ANDAU,y,36702004.0
ANDE,y,562919040.0
ANET,y,17546708992.0
ANF,y,617521408.0
ANGI,y,7761101312.0
ANGO,y,355461984.0
ANH,y,176452992.0
ANIK,y,489553312.0
ANIP,y,374364928.0
ANIX,y,65859640.0
ANPC,y,85130640.0
ANSS,y,26797971456.0
ANTE,y,11812510.0
ANTM,y,69581651968.0
ANVS,y,38109688.0
ANY,y,16637474.0
AOD,y,845556672.0
AON,y,45273677824.0
AOS,y,7894709248.0
AOSL,y,289649760.0
AP,y,37742596.0
APA,y,5865713152.0
APAM,y,3101359360.0
APD,y,62223630336.0
APDN,y,50782000.0
APEI,y,449939744.0
APEN,y,35514600.0
APEX,y,3685921.0
APH,y,32212779008.0
APHA,y,1287811328.0
APLE,y,2145115264.0
APLS,y,2048868480.0
APLT,y,600078848.0
APM,y,106360448.0
APO,y,11179887616.0
APOG,y,616615040.0
APOP,y,3273590.0
APPF,y,5452473344.0
APPN,y,3658692864.0
APPS,y,1978077696.0
APRE,y,633749504.0
APRN,y,120513112.0
APT,y,247659072.0
APTO,y,436165184.0
APTS,y,352606336.0
APTV,y,22644295680.0
APTX,y,179860880.0
APVO,y,27317244.0
APWC,y,16169048.0
APXT,y,451392800.0
APYX,y,170920992.0
AQB,y,80535104.0
AQMS,y,63384356.0
AQN,y,8057820672.0
AQST,y,211235184.0
AQUA,y,2462323712.0
AR,y,1055397568.0
ARA,y,219643504.0
ARAV,y,96589144.0
ARAY,y,236248320.0
ARC,y,57434460.0
ARCB,y,797164928.0
ARCC,y,6284389376.0
ARCE,y,2680085248.0
ARCH,y,480437440.0
ARCO,y,1013275968.0
ARCT,y,1401162112.0
ARD,y,3493400832.0
ARDC,y,289873472.0
ARDS,y,70048456.0
ARDX,y,514748320.0
ARE,y,22152099840.0
AREC,y,33338134.0
ARES,y,5405692928.0
ARGO,y,1234905344.0
ARGX,y,10929301504.0
ARI,y,1401302784.0
ARKR,y,33798256.0
ARL,y,154372016.0
ARLO,y,458017856.0
ARLP,y,409567904.0
ARMK,y,5965174272.0
ARMP,y,68053160.0
ARNA,y,3647319296.0
ARNC,y,2175926528.0
AROC,y,1110409728.0
ARPO,y,64534920.0
ARQT,y,924104384.0
ARR,y,622961792.0
ARTL,y,5620462.0
ARTNA,y,349409440.0
ARTW,y,10978191.0
ARVN,y,1126900992.0
ARW,y,5759901184.0
ARWR,y,4115207168.0
ARYA,y,187594272.0
ASA,y,444632192.0
ASB,y,2130653952.0
ASC,y,129479824.0
ASFI,y,85446560.0
ASG,y,311479168.0
ASGN,y,3741674752.0
ASH,y,4800147968.0
ASIX,y,357386336.0
ASLN,y,30654360.0
ASM,y,108565856.0
ASMB,y,717879552.0
ASML,y,151633887232.0
ASND,y,7761400320.0
ASPN,y,173689088.0
ASPS,y,144493312.0
ASPU,y,244651008.0
ASR,y,3064898816.0
ASRT,y,82595352.0
ASRV,y,49811112.0
ASTC,y,24089964.0
ASTE,y,1158425728.0
ASUR,y,115098144.0
ASX,y,10197359616.0
ASYS,y,69252696.0
AT,y,180441152.0
ATAX,y,268215232.0
ATCO,y,1862909696.0
ATCX,y,52309772.0
ATEC,y,432968544.0
ATEN,y,674084928.0
ATEX,y,784305536.0
ATGE,y,1865404288.0
ATH,y,6878428160.0
ATHE,y,46292768.0
ATHM,y,10100111360.0
ATHX,y,515576672.0
ATI,y,1159080064.0
ATIF,y,74753376.0
ATKR,y,1445825024.0
ATLC,y,125763264.0
ATLO,y,180083088.0
ATNI,y,940961280.0
ATNM,y,167980400.0
ATNX,y,898694528.0
ATO,y,13039856640.0
ATOM,y,234545664.0
ATOS,y,35268400.0
ATR,y,7688500736.0
ATRA,y,945939584.0
ATRC,y,1910945152.0
ATRI,y,1186497920.0
ATRO,y,324993088.0
ATRS,y,514891584.0
ATSG,y,1560060928.0
ATTO,y,119078872.0
ATUS,y,16100768768.0
ATV,y,38740212.0
ATVI,y,63656284160.0
ATXI,y,171499184.0
AU,y,12769767424.0
AUB,y,1915845248.0
AUBN,y,160476752.0
AUDC,y,1186466176.0
AUG,y,253153584.0
AUMN,y,64749640.0
AUPH,y,1856356480.0
AUTL,y,818175488.0
AUTO,y,23006900.0
AUY,y,6184524800.0
AVA,y,2598420224.0
AVAL,y,4935241728.0
AVAV,y,1950354816.0
AVB,y,21654872064.0
AVCO,y,126983680.0
AVD,y,452155360.0
AVDL,y,485958432.0
AVEO,y,118705760.0
AVGO,y,131084148736.0
AVGR,y,29055062.0
AVH,y,109668240.0
AVID,y,392940704.0
AVK,y,488186336.0
AVLR,y,9764340736.0
AVNS,y,1489475968.0
AVNW,y,111689648.0
AVRO,y,594585728.0
AVT,y,2885378560.0
AVTR,y,12494228480.0
AVXL,y,252345648.0
AVY,y,9666591744.0
AVYA,y,1130881280.0
AWF,y,929556096.0
AWI,y,3477942528.0
AWK,y,27142545408.0
AWP,y,423623680.0
AWR,y,2945917184.0
AWRE,y,61275568.0
AWX,y,6898265.0
AX,y,1435471360.0
AXAS,y,33949936.0
AXDX,y,856694272.0
AXE,y,3327046656.0
AXGN,y,485890432.0
AXGT,y,121814720.0
AXL,y,809901952.0
AXLA,y,187883776.0
AXNX,y,1723974272.0
AXP,y,79839772672.0
AXR,y,38266928.0
AXS,y,3717082624.0
AXSM,y,2894515456.0
AXTA,y,5498009600.0
AXTI,y,204229504.0
AXU,y,398960544.0
AY,y,3051108096.0
AYI,y,4172628992.0
AYTU,y,166448704.0
AYX,y,8006370304.0
AZN,y,142945615872.0
AZO,y,27615948800.0
AZPN,y,6952004096.0
AZRE,y,1000666816.0
AZRX,y,33348274.0
AZUL,y,1344933632.0
AZZ,y,881985600.0
B,y,1999977472.0
BA,y,95967625216.0
BABA,y,680705327104.0
BAC,y,226219655168.0
BAF,y,129841392.0
BAH,y,11667694592.0
BAK,y,3452851968.0
BAM,y,50964115456.0
BANC,y,582648320.0
BAND,y,3558899968.0
BANF,y,1464595456.0
BANR,y,1312173952.0
BANX,y,115879624.0
BAP,y,10245364736.0
BASI,y,56385716.0
BATL,y,145673952.0
BATRA,y,988854976.0
BATRK,y,990983552.0
BAX,y,40868110336.0
BB,y,2702263808.0
BBAR,y,863922496.0
BBBY,y,1526271744.0
BBCP,y,243367536.0
BBD,y,34679681024.0
BBDC,y,395205216.0
BBDO,y,34733408256.0
BBF,y,138342048.0
BBGI,y,52438048.0
BBI,y,24380810.0
BBIO,y,3444480512.0
BBK,y,169420304.0
BBL,y,116035747840.0
BBN,y,1525077248.0
BBQ,y,29609900.0
BBSI,y,442642688.0
BBU,y,2330115328.0
BBVA,y,20013989888.0
BBW,y,37672380.0
BBX,y,291503072.0
BBY,y,26579996672.0
BC,y,5055272448.0
BCBP,y,147205360.0
BCC,y,1751696000.0
BCDA,y,32906416.0
BCE,y,38452342784.0
BCEI,y,411303392.0
BCEL,y,376228032.0
BCH,y,9036946432.0
BCLI,y,403241824.0
BCML,y,125349320.0
BCO,y,2384071680.0
BCOM,y,249196496.0
BCOR,y,517368192.0
BCOV,y,424098944.0
BCOW,y,42016536.0
BCPC,y,3346765312.0
BCRX,y,700311936.0
BCS,y,24098721792.0
BCSF,y,679195456.0
BCTF,y,31647110.0
BCV,y,144107040.0
BCX,y,586845632.0
BCYC,y,304500672.0
BDC,y,1530854912.0
BDGE,y,419742176.0
BDJ,y,1421568384.0
BDL,y,28084200.0
BDN,y,1963295232.0
BDR,y,7456839.0
BDSI,y,453193632.0
BDTX,y,1086298624.0
BDX,y,75609407488.0
BE,y,1662227200.0
BEAM,y,1208355200.0
BEAT,y,1487411072.0
BECN,y,2207256320.0
BEDU,y,919788864.0
BELFA,y,158109728.0
BELFB,y,159301568.0
BEN,y,11051414528.0
BEP,y,8267311104.0
BERY,y,7129902080.0
BEST,y,1860516224.0
BFC,y,494490816.0
BFIN,y,117885976.0
BFK,y,665744832.0
BFO,y,78423432.0
BFRA,y,170225232.0
BFS,y,730800000.0
BFST,y,307321248.0
BFY,y,73021784.0
BFYT,y,442056864.0
BFZ,y,445691168.0
BG,y,6348171264.0
BGB,y,529273152.0
BGCP,y,1036312192.0
BGFV,y,171048368.0
BGG,y,32977878.0
BGH,y,264361808.0
BGI,y,16955544.0
BGIO,y,188252048.0
BGNE,y,20324366336.0
BGR,y,216233424.0
BGS,y,1896066816.0
BGSF,y,102657720.0
BGT,y,253321952.0
BGX,y,158212112.0
BGY,y,573590656.0
BH,y,240630576.0
BHAT,y,44629196.0
BHB,y,323702624.0
BHC,y,6433218560.0
BHE,y,765458048.0
BHF,y,2883826176.0
BHFAP,y,4380356608.0
BHK,y,873748672.0
BHLB,y,524940320.0
BHP,y,142569242624.0
BHR,y,95890080.0
BHTG,y,39509924.0
BHV,y,25248300.0
BHVN,y,3959703296.0
BIDU,y,43083247616.0
BIF,y,1026006272.0
BIG,y,1783053568.0
BIIB,y,48397864960.0
BILI,y,14373218304.0
BILL,y,7429815296.0
BIMI,y,22534148.0
BIO,y,15543704576.0
BIOC,y,132412008.0
BIOL,y,21345050.0
BIOX,y,211485536.0
BIP,y,12660546560.0
BIT,y,584460416.0
BITA,y,1115423744.0
BJ,y,5815949824.0
BJRI,y,503305216.0
BK,y,33441290240.0
BKCC,y,195780720.0
BKD,y,551323648.0
BKE,y,868596160.0
BKEP,y,58679760.0
BKEPP,y,240246624.0
BKH,y,3704482560.0
BKI,y,12037729280.0
BKK,y,304560832.0
BKN,y,283911072.0
BKNG,y,71812448256.0
BKR,y,17129237504.0
BKSC,y,92456840.0
BKT,y,391714176.0
BKTI,y,42352628.0
BKU,y,2054503296.0
BKYI,y,41996668.0
BL,y,4469201920.0
BLBD,y,358111712.0
BLCM,y,35652224.0
BLD,y,4695460352.0
BLDP,y,3599858944.0
BLDR,y,3141617920.0
BLE,y,366818624.0
BLFS,y,671244288.0
BLIN,y,12685887.0
BLK,y,89675448320.0
BLKB,y,3315582464.0
BLL,y,24622929920.0
BLMN,y,1049684992.0
BLNK,y,366777664.0
BLPH,y,115398024.0
BLRX,y,46785508.0
BLU,y,165145008.0
BLUE,y,4203835904.0
BLW,y,535201472.0
BLX,y,471267360.0
BMA,y,1423692032.0
BMCH,y,2044244864.0
BME,y,494558912.0
BMI,y,1966595968.0
BMO,y,36038426624.0
BMRA,y,103540408.0
BMRC,y,457228128.0
BMRN,y,21520803840.0
BMTC,y,561767488.0
BMY,y,138069344256.0
BNED,y,108607968.0
BNFT,y,407595808.0
BNGO,y,118332832.0
BNS,y,51596034048.0
BNSO,y,13383215.0
BNTC,y,2554231552.0
BNTX,y,18339319808.0
BNY,y,189321296.0
BOCH,y,133574824.0
BOE,y,633367872.0
BOH,y,2354498304.0
BOKF,y,4172702720.0
BOKFL,y,5388569088.0
BOMN,y,439782240.0
BOOM,y,477786848.0
BOOT,y,681864896.0
BORR,y,157445248.0
BOSC,y,11964390.0
BOTJ,y,45911276.0
BOX,y,2665478656.0
BOXL,y,101652104.0
BP,y,77581164544.0
BPFH,y,506300928.0
BPMC,y,4115007744.0
BPMP,y,1157808000.0
BPOP,y,3119050240.0
BPRN,y,125940792.0
BPT,y,57780000.0
BPTH,y,18422380.0
BPY,y,10951116800.0
BPYPP,y,13183619072.0
BPYU,y,661857216.0
BQH,y,44955608.0
BR,y,15528998912.0
BRBR,y,780292032.0
BRBS,y,82825528.0
BRC,y,2542932224.0
BREW,y,291615872.0
BRFS,y,3379920896.0
BRG,y,190802688.0
BRID,y,154306112.0
BRKL,y,812211200.0
BRKR,y,6806170112.0
BRKS,y,4153436928.0
BRMK,y,1301293440.0
BRN,y,7947729.0
BRO,y,13026413568.0
BROG,y,1009305472.0
BRP,y,1512481792.0
BRPA,y,28844238.0
BRPAU,y,36610928.0
BRQS,y,38931372.0
BRT,y,188425120.0
BRX,y,3611138560.0
BRY,y,365010016.0
BSAC,y,7665574912.0
BSBK,y,105260000.0
BSBR,y,20465758208.0
BSD,y,104799160.0
BSE,y,90427680.0
BSET,y,89758328.0
BSGM,y,210585520.0
BSIG,y,1090484608.0
BSL,y,204223632.0
BSM,y,1515389568.0
BSMX,y,4503125504.0
BSQR,y,19779036.0
BSRR,y,286232352.0
BST,y,993889856.0
BSTC,y,481315232.0
BSTZ,y,2017064704.0
BSVN,y,100197072.0
BSX,y,55753207808.0
BTA,y,173061152.0
BTAI,y,1176911360.0
BTE,y,292633312.0
BTG,y,7326848000.0
BTI,y,75505745920.0
BTN,y,26958392.0
BTO,y,421493312.0
BTT,y,1763345024.0
BTU,y,246204000.0
BTZ,y,1350771584.0
BUD,y,106539507712.0
BUI,y,387325856.0
BURL,y,11864916992.0
BUSE,y,991100928.0
BV,y,1346954496.0
BVN,y,3317070336.0
BVXV,y,454257248.0
BW,y,132650360.0
BWA,y,8064252928.0
BWAY,y,67036200.0
BWB,y,288376000.0
BWEN,y,73926280.0
BWFG,y,121625248.0
BWG,y,264891280.0
BWMX,y,516075968.0
BWXT,y,5465800192.0
BX,y,36637794304.0
BXC,y,168696944.0
BXG,y,394314624.0
BXMT,y,3498493952.0
BXMX,y,1202204928.0
BXP,y,14012205056.0
BXRX,y,60440800.0
BXS,y,2338983424.0
BY,y,517856800.0
BYD,y,2853613824.0
BYFC,y,52152540.0
BYM,y,386060096.0
BYND,y,8209590272.0
BYSI,y,350364576.0
BZH,y,345260384.0
BZM,y,30131460.0
BZUN,y,2620666880.0
C,y,108506537984.0
CAAP,y,467264256.0
CAAS,y,86990032.0
CABA,y,300905696.0
CABO,y,11504047104.0
CAC,y,501559776.0
CACC,y,9064958976.0
CACI,y,5290199040.0
CADE,y,1109452160.0
CAE,y,4061612288.0
CAF,y,469576960.0
CAG,y,18437312512.0
CAH,y,15352623104.0
CAI,y,351530528.0
CAJ,y,17861079040.0
CAKE,y,1174745856.0
CAL,y,256671952.0
CALA,y,317702016.0
CALB,y,110859064.0
CALM,y,2194783744.0
CALX,y,1375843840.0
CAMP,y,288318176.0
CAMT,y,606171584.0
CAN,y,372886528.0
CANF,y,33735008.0
CANG,y,919425536.0
CAPL,y,573669888.0
CAPR,y,81389920.0
CAR,y,1963255552.0
CARA,y,793193920.0
CARE,y,197622144.0
CARG,y,3377870336.0
CARO,y,816998976.0
CARS,y,619584000.0
CARV,y,25304580.0
CASA,y,497977440.0
CASH,y,702542400.0
CASI,y,234254160.0
CASS,y,553072192.0
CASY,y,6313276928.0
CAT,y,73060122624.0
CATB,y,116510776.0
CATC,y,405686112.0
CATM,y,951508160.0
CATO,y,195487808.0
CATY,y,2105152896.0
CB,y,58655010816.0
CBAN,y,99832176.0
CBAT,y,55855560.0
CBAY,y,431204448.0
CBB,y,762509632.0
CBD,y,3356574464.0
CBFV,y,99729696.0
CBH,y,168094016.0
CBIO,y,118853272.0
CBL,y,42963112.0
CBLI,y,35915096.0
CBMB,y,46117920.0
CBMG,y,279622560.0
CBNK,y,149236560.0
CBOE,y,9577229312.0
CBPO,y,4082406656.0
CBRE,y,14758938624.0
CBRL,y,2758455552.0
CBSH,y,6685287936.0
CBSHP,y,6192957952.0
CBT,y,2177411584.0
CBTX,y,427904480.0
CBU,y,3181407232.0
CBZ,y,1362668032.0
CC,y,3265091072.0
CCAP,y,339560160.0
CCB,y,165656304.0
CCBG,y,344499584.0
CCC,y,11191032832.0
CCCL,y,7887569.0
CCD,y,560228224.0
CCEP,y,18517471232.0
CCF,y,990062912.0
CCH,y,773310016.0
CCI,y,70583959552.0
CCJ,y,4117937152.0
CCK,y,9992899584.0
CCL,y,11137615872.0
CCLP,y,53025728.0
CCM,y,77754472.0
CCMP,y,4698954240.0
CCNE,y,270056384.0
CCO,y,443986464.0
CCOI,y,3517869056.0
CCR,y,147379872.0
CCRC,y,84224512.0
CCRN,y,259226656.0
CCS,y,1201288576.0
CCU,y,2670475520.0
CCX,y,926324992.0
CCXI,y,3747150336.0
CDAY,y,10341961728.0
CDE,y,2093709440.0
CDEV,y,241938976.0
CDK,y,5698447872.0
CDLX,y,1808522624.0
CDMO,y,436832352.0
CDMOP,y,212765024.0
CDNA,y,1633925248.0
CDNS,y,30257510400.0
CDOR,y,50056680.0
CDR,y,80020024.0
CDTX,y,160353184.0
CDW,y,16374235136.0
CDXC,y,305852544.0
CDXS,y,811502976.0
CDZI,y,353190560.0
CE,y,11945025536.0
CEA,y,9144806400.0
CECE,y,288919552.0
CEE,y,144265552.0
CEI,y,14781233.0
CEIX,y,134831248.0
CEL,y,538718144.0
CELC,y,62879328.0
CELH,y,1471068032.0
CELP,y,31744178.0
CEM,y,223074720.0
CEMI,y,110725064.0
CEN,y,42786656.0
CENT,y,2182845440.0
CENTA,y,2182159360.0
CENX,y,942274944.0
CEO,y,48708898816.0
CEPU,y,706881664.0
CEQP,y,1068672064.0
CERC,y,215962688.0
CERN,y,21388957696.0
CERS,y,1173167360.0
CET,y,754411264.0
CETV,y,1014577024.0
CETX,y,23094454.0
CETXP,y,8255102.0
CEV,y,97944048.0
CEVA,y,924400576.0
CF,y,7086507008.0
CFB,y,516459232.0
CFBI,y,53676972.0
CFBK,y,72284192.0
CFFA,y,374317664.0
CFFAU,y,374848576.0
CFFI,y,113142776.0
CFFN,y,1444837504.0
CFG,y,10854159360.0
CFMS,y,54754184.0
CFR,y,4691281408.0
CFRX,y,154034160.0
CFX,y,3941472512.0
CFXA,y,3665634304.0
CG,y,9582111744.0
CGA,y,17779730.0
CGBD,y,514097536.0
CGC,y,6191165440.0
CGEN,y,1369814272.0
CGIX,y,7099163.0
CGNX,y,11618375680.0
CGO,y,111525432.0
CHA,y,23634112512.0
CHAP,y,18843638.0
CHCI,y,26355350.0
CHCO,y,1067673600.0
CHCT,y,1131774720.0
CHD,y,23484747776.0
CHDN,y,6416716800.0
CHE,y,8149357056.0
CHEF,y,513668032.0
CHEK,y,18971712.0
CHFS,y,30854414.0
CHGG,y,10812831744.0
CHH,y,4962746368.0
CHI,y,806403584.0
CHKP,y,17346947072.0
CHL,y,144634445824.0
CHMA,y,202450784.0
CHMG,y,132398240.0
CHMI,y,169863824.0
CHN,y,263401824.0
CHNG,y,3895849984.0
CHNR,y,33131498.0
CHPM,y,380624992.0
CHRA,y,71133920.0
CHRS,y,1392014336.0
CHRW,y,12914696192.0
CHS,y,166196736.0
CHT,y,29078702080.0
CHTR,y,123322564608.0
CHU,y,17306677248.0
CHUY,y,368122592.0
CHW,y,481300896.0
CHWY,y,22049824768.0
CHY,y,887794816.0
CI,y,65619890176.0
CIA,y,318197056.0
CIB,y,6049897984.0
CIDM,y,154988992.0
CIEN,y,9370747904.0
CIF,y,45133744.0
CIFS,y,13020841.0
CIG,y,3126574080.0
CIGI,y,2438417664.0
CIH,y,190248144.0
CII,y,680352000.0
CIIC,y,325055200.0
CIK,y,150115056.0
CIM,y,1995234432.0
CINF,y,13136946176.0
CINR,y,204196208.0
CIO,y,437657792.0
CIR,y,645622080.0
CIT,y,1942369152.0
CIVB,y,235176448.0
CIX,y,172324608.0
CIZN,y,122423848.0
CJJD,y,50868812.0
CKH,y,644155136.0
CKPT,y,126635696.0
CKX,y,18167138.0
CL,y,65368174592.0
CLAR,y,391284960.0
CLB,y,1045825920.0
CLBK,y,1392310784.0
CLBS,y,37947124.0
CLCT,y,375446336.0
CLDB,y,55236840.0
CLDR,y,3323148800.0
CLDT,y,311397184.0
CLDX,y,432542816.0
CLF,y,2187605248.0
CLFD,y,259292992.0
CLGN,y,61372208.0
CLGX,y,5402382848.0
CLH,y,3574754304.0
CLI,y,1216442496.0
CLIR,y,60898344.0
CLLS,y,765881856.0
CLM,y,836592128.0
CLMT,y,204246800.0
CLNC,y,833893568.0
CLNE,y,594740992.0
CLNY,y,1050620544.0
CLPR,y,120249224.0
CLPS,y,39634076.0
CLPT,y,62034400.0
CLR,y,6272915968.0
CLRB,y,33596640.0
CLRO,y,39961680.0
CLS,y,1079237760.0
CLSD,y,95587184.0
CLSK,y,159486016.0
CLSN,y,38202308.0
CLUB,y,13072400.0
CLVS,y,476910656.0
CLW,y,602384896.0
CLWT,y,9309509.0
CLX,y,29908066304.0
CLXT,y,185500240.0
CM,y,31615393792.0
CMA,y,5564341248.0
CMBM,y,302814368.0
CMC,y,2605229568.0
CMCL,y,270741152.0
CMCM,y,332943776.0
CMCO,y,843512256.0
CMCSA,y,195560357888.0
CMCT,y,153167040.0
CMCTP,y,746039040.0
CMD,y,2201719040.0
CME,y,59940917248.0
CMG,y,33019107328.0
CMI,y,29427396608.0
CMLS,y,79930784.0
CMO,y,593282560.0
CMP,y,1968769408.0
CMPR,y,2544305408.0
CMRE,y,599973376.0
CMRX,y,211182336.0
CMS,y,18001348608.0
CMT,y,45420548.0
CMTL,y,434292160.0
CMU,y,126330840.0
CNA,y,9270374400.0
CNBKA,y,407292640.0
CNC,y,37248331776.0
CNCE,y,292381536.0
CNDT,y,863450880.0
CNET,y,30368660.0
CNF,y,242780992.0
CNFR,y,22459694.0
CNHI,y,10040158208.0
CNI,y,71312605184.0
CNK,y,1301474432.0
CNMD,y,2427712000.0
CNNB,y,26780580.0
CNNE,y,3482038272.0
CNO,y,2298682112.0
CNOB,y,588344384.0
CNP,y,10259228672.0
CNQ,y,23618547712.0
CNR,y,878010944.0
CNS,y,2891348480.0
CNSL,y,596150784.0
CNSP,y,31255380.0
CNST,y,1219800064.0
CNTG,y,254224640.0
CNTY,y,138711440.0
CNX,y,2078620928.0
CNXM,y,867460288.0
CNXN,y,1216604800.0
CO,y,464324800.0
COCP,y,106367024.0
CODA,y,61070792.0
CODI,y,1122121088.0
CODX,y,706471168.0
COE,y,542249472.0
COF,y,30001725440.0
COFS,y,209605792.0
COG,y,8206762496.0
COHN,y,23712424.0
COHR,y,3103643648.0
COHU,y,749764544.0
COKE,y,2467342592.0
COLB,y,2160733184.0
COLD,y,7915104768.0
COLL,y,632854272.0
COLM,y,5037614592.0
COMM,y,2157563392.0
CONE,y,9933035520.0
CONN,y,320099424.0
COO,y,16208996352.0
COOP,y,1654095488.0
COP,y,41079431168.0
COR,y,5359145472.0
CORE,y,1414350976.0
CORR,y,138699232.0
CORT,y,1610878464.0
COST,y,150519955456.0
COTY,y,3052379904.0
COUP,y,19405150208.0
COWN,y,472111616.0
CP,y,38341615616.0
CPA,y,1971652736.0
CPAA,y,607500032.0
CPAC,y,669559360.0
CPAH,y,25451114.0
CPB,y,15099134976.0
CPE,y,413376064.0
CPF,y,464544288.0
CPG,y,957618496.0
CPHC,y,50696712.0
CPHI,y,21645986.0
CPIX,y,51545020.0
CPK,y,1428510720.0
CPLG,y,334976256.0
CPLP,y,112704216.0
CPRI,y,2381464576.0
CPRT,y,23299368960.0
CPRX,y,418879360.0
CPS,y,223371728.0
CPSH,y,27867612.0
CPSI,y,410111936.0
CPSS,y,74926168.0
CPST,y,50268984.0
CPT,y,8658496512.0
CPTA,y,35948964.0
CQP,y,17816592384.0
CR,y,3497196800.0
CRAI,y,330884128.0
CRBP,y,539756096.0
CREE,y,7858906112.0
CREG,y,7205348.0
CRESY,y,301327136.0
CREX,y,22369988.0
CRF,y,436323552.0
CRH,y,30318071808.0
CRHM,y,172633200.0
CRI,y,3509134592.0
CRIS,y,76492416.0
CRK,y,1416346880.0
CRL,y,11008778240.0
CRMD,y,107644064.0
CRMT,y,649197568.0
CRNC,y,1848248576.0
CRNT,y,215006416.0
CRNX,y,530127968.0
CRON,y,1965652736.0
CROX,y,2603358464.0
CRS,y,1140627328.0
CRSA,y,315000000.0
CRSAU,y,316915040.0
CRSP,y,6302147072.0
CRT,y,38100000.0
CRTO,y,854767360.0
CRTX,y,1298185472.0
CRUS,y,3773926400.0
CRVL,y,1447338368.0
CRVS,y,119151728.0
CRWD,y,21977389056.0
CRWS,y,48591036.0
CRY,y,797289472.0
CS,y,26953140224.0
CSBR,y,114031232.0
CSCO,y,200263680000.0
CSFL,y,2251754496.0
CSGP,y,32691226624.0
CSGS,y,1451279872.0
CSII,y,1228919680.0
CSIQ,y,1494935808.0
CSL,y,6872688128.0
CSLT,y,173225648.0
CSOD,y,2317097984.0
CSPI,y,32710184.0
CSPR,y,346747264.0
CSQ,y,2133041792.0
CSSE,y,110912472.0
CSSEP,y,80841288.0
CSTE,y,370499872.0
CSTL,y,821792192.0
CSTM,y,1144752640.0
CSTR,y,243985024.0
CSU,y,20521346.0
CSV,y,413735072.0
CSWC,y,270828608.0
CSWI,y,1078844544.0
CSX,y,55795314688.0
CTAS,y,32085725184.0
CTB,y,1773289984.0
CTBI,y,593094080.0
CTEK,y,19331020.0
CTG,y,72072704.0
CTHR,y,20380072.0
CTIB,y,12225339.0
CTIC,y,92102000.0
CTK,y,414107552.0
CTL,y,11512774656.0
CTLT,y,14443127808.0
CTMX,y,349934784.0
CTO,y,199842224.0
CTR,y,104294808.0
CTRA,y,73196800.0
CTRC,y,9694101.0
CTRE,y,1800329472.0
CTRM,y,25700512.0
CTRN,y,202456656.0
CTS,y,701495424.0
CTSH,y,36590428160.0
CTSO,y,412157952.0
CTT,y,473025344.0
CTVA,y,18951639040.0
CTXR,y,50157460.0
CTXS,y,17435305984.0
CUB,y,1404792320.0
CUBA,y,22510532.0
CUBE,y,5848293376.0
CUBI,y,418456768.0
CUE,y,565013056.0
CUK,y,8438361600.0
CULP,y,140539248.0
CURO,y,315632960.0
CUTR,y,260198688.0
CUZ,y,4773490176.0
CVA,y,1339617280.0
CVBF,y,2581484544.0
CVCO,y,1879101312.0
CVCY,y,163804208.0
CVE,y,5997015552.0
CVEO,y,177401120.0
CVET,y,2569183744.0
CVGI,y,94937832.0
CVGW,y,1118457344.0
CVI,y,1753260672.0
CVIA,y,63371520.0
CVLT,y,2035212544.0
CVLY,y,122051376.0
CVM,y,458757216.0
CVNA,y,32761921536.0
CVR,y,20288772.0
CVS,y,85013151744.0
CVTI,y,238372016.0
CVU,y,40079028.0
CVV,y,24410766.0
CVX,y,162079047680.0
CW,y,4283678208.0
CWBC,y,68033848.0
CWBR,y,75981664.0
CWCO,y,192105296.0
CWEN,y,5148406784.0
CWH,y,2864087552.0
CWK,y,2378310144.0
CWST,y,2737798400.0
CWT,y,2411610368.0
CX,y,4985342976.0
CXDC,y,78330096.0
CXE,y,160129216.0
CXH,y,90373584.0
CXO,y,10085168128.0
CXP,y,1387303680.0
CXW,y,1045574912.0
CY,y,8934261760.0
CYAD,y,145499264.0
CYAN,y,15372190.0
CYBE,y,264334448.0
CYBR,y,4283305472.0
CYCC,y,23133602.0
CYCCP,y,12283496.0
CYCN,y,147892080.0
CYD,y,548318400.0
CYH,y,610056896.0
CYOU,y,575745600.0
CYRN,y,99325376.0
CYRX,y,1278961536.0
CYTK,y,1514170624.0
CZNC,y,247010800.0
CZR,y,25357103104.0
CZWI,y,75267224.0
CZZ,y,4147828224.0
D,y,67731767296.0
DAC,y,116261816.0
DAIO,y,31981792.0
DAKT,y,189168864.0
DAL,y,17336954880.0
DAN,y,1845048064.0
DAO,y,4839554560.0
DAR,y,5122826240.0
DARE,y,31176052.0
DAVA,y,2928631040.0
DB,y,18933270528.0
DBD,y,630717760.0
DBI,y,505472160.0
DBL,y,291114944.0
DBVT,y,261599520.0
DBX,y,8549398016.0
DCF,y,120752216.0
DCI,y,6464111104.0
DCO,y,468742016.0
DCOM,y,458916672.0
DCP,y,2908286720.0
DCPH,y,2757389312.0
DCUE,y,62455549952.0
DD,y,40998969344.0
DDD,y,752248384.0
DDF,y,64194600.0
DDOG,y,22537250816.0
DDS,y,647187840.0
DE,y,57409626112.0
DEA,y,2036789504.0
DEAC,y,876500032.0
DECK,y,5896943104.0
DEI,y,5075352576.0
DELL,y,45041610752.0
DENN,y,621162752.0
DEO,y,78675050496.0
DESP,y,601064896.0
DEX,y,106504752.0
DFFN,y,65593992.0
DFIN,y,400199424.0
DFNS,y,215624992.0
DFP,y,515146272.0
DFS,y,15746974720.0
DG,y,49158787072.0
DGICA,y,410416224.0
DGICB,y,415140288.0
DGII,y,414055072.0
DGLY,y,85061120.0
DGX,y,16816079872.0
DHC,y,1063654336.0
DHF,y,199219088.0
DHI,y,24870010880.0
DHIL,y,388635680.0
DHR,y,145712611328.0
DHT,y,844722304.0
DHX,y,140707056.0
DHY,y,217364688.0
DIAX,y,501863232.0
DIN,y,830313856.0
DIOD,y,2674734080.0
DIS,y,234791288832.0
DISCA,y,10099037184.0
DISCB,y,10332867584.0
DISCK,y,10205684736.0
DISH,y,17910579200.0
DIT,y,40897168.0
DJCO,y,428170592.0
DK,y,1104861056.0
DKL,y,924202496.0
DKS,y,4096686080.0
DL,y,301087872.0
DLA,y,96530584.0
DLB,y,7058750976.0
DLHC,y,116254904.0
DLNG,y,111083704.0
DLPH,y,1433404928.0
DLPN,y,29090960.0
DLR,y,42570768384.0
DLTH,y,258849600.0
DLTR,y,22890514432.0
DLX,y,1213050624.0
DMAC,y,77058096.0
DMB,y,259265168.0
DMF,y,184246688.0
DMLP,y,396736896.0
DMO,y,145239776.0
DMPI,y,12145373.0
DMRC,y,189255232.0
DMTK,y,217567904.0
DNI,y,135202656.0
DNJR,y,214126080.0
DNK,y,1371637504.0
DNKN,y,5639087616.0
DNLI,y,3338901248.0
DNN,y,309895712.0
DNOW,y,959262656.0
DNP,y,3325985792.0
DO,y,129221432.0
DOC,y,3708855296.0
DOCU,y,37575299072.0
DOGZ,y,30578046.0
DOMO,y,892979968.0
DOOO,y,3912828160.0
DOOR,y,2166149376.0
DORM,y,2789150464.0
DOV,y,15553079296.0
DOW,y,31593990144.0
DOX,y,8262315008.0
DOYU,y,4847919616.0
DPG,y,449468160.0
DPHC,y,428750016.0
DPHCU,y,457440736.0
DPW,y,15647027.0
DPZ,y,15310782464.0
DQ,y,1703052928.0
DRAD,y,13362652.0
DRD,y,1280081408.0
DRE,y,14729838592.0
DRH,y,1063957696.0
DRI,y,10269419520.0
DRIO,y,65623048.0
DRNA,y,1554461952.0
DRQ,y,1275157632.0
DRRX,y,467344384.0
DRTT,y,131268568.0
DS,y,110666320.0
DSE,y,11791958.0
DSGX,y,4896729600.0
DSKE,y,359910560.0
DSL,y,1664261632.0
DSM,y,382522400.0
DSPG,y,355079360.0
DSS,y,43539296.0
DSSI,y,330476512.0
DSU,y,468649184.0
DSWL,y,39390120.0
DSX,y,124092248.0
DT,y,10635196416.0
DTE,y,22898499584.0
DTEA,y,23493150.0
DTF,y,123549856.0
DTIL,y,358880896.0
DTSS,y,67439040.0
DUC,y,259000080.0
DUK,y,63645618176.0
DUO,y,673108544.0
DUOT,y,17270100.0
DVA,y,10049140736.0
DVAX,y,846432896.0
DVD,y,52405060.0
DVN,y,4635707904.0
DWSN,y,41797572.0
DX,y,354976800.0
DXC,y,5056052224.0
DXCM,y,42193588224.0
DXF,y,14268205.0
DXLG,y,16579887.0
DXPE,y,333884352.0
DXR,y,69802344.0
DXYN,y,15339289.0
DY,y,1451711744.0
DYAI,y,243837696.0
DYNT,y,12558788.0
DZSI,y,231269056.0
E,y,33221445632.0
EA,y,41571930112.0
EAD,y,453459296.0
EAF,y,1891627392.0
EARN,y,135392400.0
EARS,y,5092216.0
EAST,y,12020400.0
EAT,y,1335205120.0
EB,y,838998080.0
EBAY,y,38640431104.0
EBF,y,469055072.0
EBIX,y,800206464.0
EBMT,y,114049808.0
EBR,y,10596968448.0
EBS,y,6915167744.0
EBSB,y,639891904.0
EBTC,y,265275792.0
EC,y,23559811072.0
ECC,y,234067904.0
ECCB,y,395506272.0
ECF,y,162158624.0
ECHO,y,703826560.0
ECL,y,55399546880.0
ECOL,y,1188296960.0
ECOM,y,504622272.0
ECOR,y,85411872.0
ECPG,y,1346941568.0
ECT,y,7045521.0
ED,y,25094402048.0
EDAP,y,95584448.0
EDD,y,382012352.0
EDF,y,119084872.0
EDI,y,77888136.0
EDIT,y,2156542720.0
EDN,y,325726048.0
EDNT,y,31775880.0
EDRY,y,9333752.0
EDSA,y,70607504.0
EDU,y,22317891584.0
EDUC,y,133591488.0
EE,y,2789871872.0
EEA,y,68449744.0
EEFT,y,5255547904.0
EEX,y,204433360.0
EFC,y,534114784.0
EFF,y,108087232.0
EFL,y,196961616.0
EFOI,y,21383142.0
EFR,y,430388160.0
EFSC,y,824440768.0
EFT,y,467601184.0
EFX,y,20239593472.0
EGAN,y,331129984.0
EGBN,y,1012180992.0
EGF,y,63046388.0
EGHT,y,1654193536.0
EGIF,y,89416496.0
EGLE,y,185734528.0
EGO,y,2113507072.0
EGOV,y,1505635712.0
EGP,y,5388620800.0
EGRX,y,643199680.0
EGY,y,66074512.0
EH,y,504050400.0
EHC,y,6723544064.0
EHI,y,434288224.0
EHT,y,210781376.0
EHTH,y,2035288448.0
EIDX,y,1590048896.0
EIG,y,997848384.0
EIGI,y,792042048.0
EIGR,y,295916096.0
EIM,y,960575232.0
EIX,y,20654649344.0
EKSO,y,51778152.0
EL,y,71996203008.0
ELA,y,113351728.0
ELAN,y,11465929728.0
ELF,y,1009530496.0
ELLO,y,326679936.0
ELMD,y,150756768.0
ELOX,y,120784976.0
ELP,y,3158886656.0
ELS,y,12248101888.0
ELSE,y,13072752.0
ELTK,y,19536004.0
ELVT,y,109913672.0
ELY,y,1740056960.0
EMAN,y,80804200.0
EMCF,y,56043212.0
EMD,y,808529280.0
EME,y,4096529152.0
EMF,y,252718512.0
EMKR,y,104269176.0
EML,y,121009440.0
EMMS,y,22778470.0
EMN,y,9888670720.0
EMO,y,169818752.0
EMR,y,39662182400.0
EMX,y,239651440.0
ENB,y,67082072064.0
ENBL,y,2564877056.0
ENDP,y,778699968.0
ENG,y,27961872.0
ENIA,y,11011103744.0
ENIC,y,5521601536.0
ENLC,y,1419819776.0
ENLV,y,71302152.0
ENOB,y,211563184.0
ENPH,y,9178349568.0
ENR,y,3168934656.0
ENS,y,3094758144.0
ENSG,y,3065467392.0
ENSV,y,9598769.0
ENTA,y,943402816.0
ENTG,y,9472384000.0
ENTX,y,30815800.0
ENV,y,4764851200.0
ENVA,y,541972800.0
ENX,y,222673904.0
ENZ,y,121163976.0
EOD,y,197115296.0
EOG,y,28409667584.0
EOI,y,605194816.0
EOLS,y,118387032.0
EOS,y,925045376.0
EOT,y,317217088.0
EPAC,y,1259930496.0
EPAM,y,16580541440.0
EPAY,y,2255957248.0
EPC,y,1592063872.0
EPD,y,39127609344.0
EPIX,y,191969440.0
EPM,y,92278200.0
EPR,y,2399547648.0
EPRT,y,1650245760.0
EPSN,y,79956576.0
EPZM,y,1306021888.0
EQ,y,167644304.0
EQBK,y,232840000.0
EQC,y,3781764864.0
EQH,y,9639866368.0
EQIX,y,70110658560.0
EQM,y,4445825024.0
EQNR,y,51279929344.0
EQR,y,20542269440.0
EQS,y,18519798.0
EQT,y,4388703744.0
EQX,y,2924088320.0
ERA,y,111071064.0
ERC,y,344420576.0
ERF,y,663789056.0
ERH,y,122456832.0
ERI,y,6968820224.0
ERIC,y,38632071168.0
ERIE,y,11357366272.0
ERII,y,442114304.0
ERJ,y,1025190656.0
EROS,y,471559488.0
ERYP,y,136509808.0
ES,y,30493353984.0
ESBA,y,1907676928.0
ESBK,y,37510404.0
ESCA,y,247400592.0
ESE,y,2360272128.0
ESEA,y,15232707.0
ESGR,y,3868836608.0
ESGRO,y,3675715328.0
ESGRP,y,3644622336.0
ESI,y,2830231552.0
ESLT,y,6038313984.0
ESNT,y,4026991872.0
ESP,y,45019312.0
ESPR,y,1049461184.0
ESQ,y,127433024.0
ESRT,y,1936881152.0
ESS,y,14554198016.0
ESSA,y,148541968.0
ESSC,y,174379488.0
ESTA,y,438581408.0
ESTC,y,7278878720.0
ESTE,y,195904352.0
ESXB,y,116688624.0
ET,y,17332709376.0
ETB,y,371342176.0
ETFC,y,11587641344.0
ETG,y,1159763072.0
ETH,y,324688192.0
ETJ,y,638009984.0
ETM,y,193338848.0
ETN,y,39113777152.0
ETNB,y,526631264.0
ETO,y,338713920.0
ETON,y,139147840.0
ETR,y,20956086272.0
ETRN,y,4540935168.0
ETSY,y,16028650496.0
ETTX,y,78326888.0
ETV,y,1302839680.0
ETW,y,952334784.0
ETX,y,234889776.0
ETY,y,1693161600.0
EURN,y,2093813760.0
EV,y,4364665344.0
EVA,y,1633952128.0
EVBG,y,4527367168.0
EVBN,y,125173536.0
EVC,y,114369888.0
EVER,y,1157235712.0
EVF,y,221519600.0
EVFM,y,238151296.0
EVG,y,204017648.0
EVGN,y,30911384.0
EVH,y,1116319232.0
EVI,y,316925696.0
EVK,y,17173568.0
EVLO,y,196080544.0
EVM,y,292683264.0
EVN,y,520036992.0
EVOK,y,103750912.0
EVOL,y,14389509.0
EVOP,y,1077502336.0
EVR,y,2515012096.0
EVRG,y,12511832064.0
EVRI,y,593029952.0
EVSI,y,84797944.0
EVT,y,1452510208.0
EVTC,y,2297456640.0
EVV,y,1370534656.0
EVY,y,72600592.0
EW,y,47836753920.0
EWBC,y,5219418624.0
EXAS,y,13017977856.0
EXC,y,37937442816.0
EXD,y,92158160.0
EXEL,y,6856895488.0
EXFO,y,225465600.0
EXG,y,2329016576.0
EXK,y,635200704.0
EXLS,y,2321484288.0
EXP,y,3505057536.0
EXPC,y,347187520.0
EXPD,y,14254427136.0
EXPE,y,11659701248.0
EXPI,y,1995666304.0
EXPO,y,4250990336.0
EXPR,y,73483488.0
EXR,y,13392303104.0
EXTN,y,187300336.0
EXTR,y,601379776.0
EYE,y,2673263872.0
EYEG,y,19432392.0
EYEN,y,67238400.0
EYES,y,20591380.0
EYPT,y,87651896.0
EZPW,y,329305440.0
F,y,27291756544.0
FAF,y,6014219776.0
FAM,y,126915000.0
FAMI,y,9592178.0
FANG,y,6630185984.0
FANH,y,1127586560.0
FARM,y,105747768.0
FARO,y,1078668288.0
FAST,y,27792179200.0
FAT,y,38539476.0
FATE,y,2937932800.0
FAX,y,1022984512.0
FB,y,764737224704.0
FBC,y,1869471616.0
FBHS,y,11025591296.0
FBIO,y,251545984.0
FBIOP,y,99037208.0
FBIZ,y,135696544.0
FBK,y,849395072.0
FBM,y,665370816.0
FBMS,y,476045440.0
FBNC,y,632851136.0
FBP,y,1278405888.0
FBSS,y,53467604.0
FC,y,280751936.0
FCAP,y,198754464.0
FCAU,y,22238922752.0
FCBC,y,370839040.0
FCBP,y,178976336.0
FCCO,y,101811640.0
FCCY,y,129270344.0
FCEL,y,583990784.0
FCF,y,832165312.0
FCFS,y,2503834880.0
FCN,y,4280127744.0
FCNCA,y,4068153344.0
FCO,y,62120504.0
FCPT,y,1783053056.0
FCT,y,291798208.0
FCX,y,20269502464.0
FDBC,y,238761440.0
FDEU,y,181624224.0
FDP,y,1154649344.0
FDS,y,13518846976.0
FDUS,y,250483344.0
FDX,y,48076419072.0
FE,y,15949237248.0
FEDU,y,55195060.0
FEI,y,249608224.0
FEIM,y,94426448.0
FELE,y,2745575168.0
FEN,y,203211120.0
FENC,y,228236816.0
FENG,y,109185744.0
FEO,y,63662344.0
FET,y,49970824.0
FEYE,y,3531658752.0
FF,y,625527744.0
FFA,y,303538720.0
FFBC,y,1438917376.0
FFBW,y,64566896.0
FFC,y,937351616.0
FFG,y,904118592.0
FFHL,y,16263883.0
FFIC,y,334094016.0
FFIN,y,4494130688.0
FFIV,y,8599714816.0
FFNW,y,92752264.0
FFWM,y,714451072.0
FGB,y,43102800.0
FGBI,y,119135480.0
FGEN,y,3938432256.0
FHB,y,2349637632.0
FHI,y,2649182208.0
FHN,y,5416087552.0
FI,y,606060544.0
FIBK,y,1986532736.0
FICO,y,12809615360.0
FIF,y,178661040.0
FINS,y,189732752.0
FINV,y,635949568.0
FIS,y,91564933120.0
FISI,y,271356192.0
FISK,y,1913553024.0
FISV,y,69566087168.0
FIT,y,1727334656.0
FITB,y,14564531200.0
FITBI,y,18880557056.0
FIV,y,301702080.0
FIVE,y,5712759808.0
FIVN,y,8053956096.0
FIX,y,1912583552.0
FIXX,y,569236736.0
FIZZ,y,2945339136.0
FL,y,2864350208.0
FLC,y,219003824.0
FLDM,y,538073408.0
FLEX,y,5840365568.0
FLGT,y,782630912.0
FLIC,y,377523328.0
FLIR,y,4903303680.0
FLL,y,53610480.0
FLMN,y,250240800.0
FLNG,y,309669600.0
FLNT,y,154839264.0
FLO,y,5031229952.0
FLOW,y,1820945280.0
FLR,y,1595180160.0
FLS,y,3899593472.0
FLT,y,20163647488.0
FLWS,y,1886697216.0
FLXN,y,608342272.0
FLXS,y,135611200.0
FLY,y,231046736.0
FMAO,y,243558160.0
FMBH,y,440286208.0
FMBI,y,1489016192.0
FMC,y,14222458880.0
FMCI,y,372700320.0
FMCIU,y,119532432.0
FMN,y,165587040.0
FMNB,y,333651200.0
FMO,y,64785692.0
FMS,y,26153644032.0
FMX,y,20700059648.0
FMY,y,57719744.0
FN,y,2805560832.0
FNB,y,2543631360.0
FNCB,y,127887096.0
FND,y,7019828736.0
FNF,y,10516322304.0
FNHC,y,135502400.0
FNKO,y,275642048.0
FNLC,y,232723792.0
FNV,y,29327263744.0
FNWB,y,116283344.0
FOCS,y,2694275584.0
FOE,y,1055277760.0
FOF,y,312030880.0
FOLD,y,3970602240.0
FONR,y,169703584.0
FOR,y,873248384.0
FORD,y,13824083.0
FORK,y,33346016.0
FORM,y,2183843584.0
FORR,y,698809984.0
FORTY,y,1373735936.0
FOSL,y,206172928.0
FOX,y,14968995840.0
FOXA,y,14937611264.0
FOXF,y,4459939328.0
FPAC,y,810390592.0
FPAY,y,35657172.0
FPF,y,1330167680.0
FPH,y,789030528.0
FPI,y,352801440.0
FPL,y,106204608.0
FPRX,y,205890944.0
FR,y,5501746176.0
FRA,y,414224864.0
FRAF,y,108173736.0
FRAN,y,15406979.0
FRBA,y,129805496.0
FRBK,y,140359152.0
FRC,y,19910979584.0
FRD,y,36251852.0
FREQ,y,724315072.0
FRG,y,1056781440.0
FRGI,y,241395456.0
FRHC,y,1165996800.0
FRME,y,1408904192.0
FRO,y,1621074304.0
FRPH,y,412340224.0
FRPT,y,4137728768.0
FRSX,y,69654392.0
FRT,y,5961093632.0
FRTA,y,983070336.0
FSB,y,410789504.0
FSBC,y,25907812.0
FSBW,y,164962256.0
FSCT,y,1440405248.0
FSD,y,477089472.0
FSEA,y,38082712.0
FSFG,y,122305232.0
FSI,y,29254796.0
FSK,y,2037056512.0
FSLR,y,7723797504.0
FSLY,y,8186855936.0
FSM,y,1227624448.0
FSP,y,591377280.0
FSRV,y,320107456.0
FSS,y,1942615680.0
FSTR,y,162789600.0
FSV,y,5065275392.0
FT,y,176928576.0
FTAC,y,460147136.0
FTACU,y,454161984.0
FTAI,y,1446929024.0
FTCH,y,9248025600.0
FTDR,y,3774930688.0
FTEK,y,22640852.0
FTF,y,264618656.0
FTFT,y,91615960.0
FTI,y,3766574080.0
FTK,y,108463120.0
FTNT,y,21176018944.0
FTS,y,18732867584.0
FTSI,y,35822740.0
FTSV,y,4599408128.0
FTV,y,24346640384.0
FUL,y,2492228352.0
FULC,y,469406528.0
FULT,y,1658388480.0
FUN,y,1512940160.0
FUNC,y,77123584.0
FUND,y,187482624.0
FUSB,y,38108572.0
FUTU,y,4515125760.0
FUV,y,202102336.0
FVCB,y,136686544.0
FVE,y,150138976.0
FVRR,y,3823911936.0
FWONA,y,8463343104.0
FWONK,y,8478182400.0
FWP,y,46451876.0
FWRD,y,1587345152.0
FXNC,y,67202832.0
G,y,7879745536.0
GAB,y,1322424320.0
GABC,y,785644928.0
GAIA,y,236910064.0
GAIN,y,316443648.0
GAINL,y,348046720.0
GAINM,y,364369568.0
GALT,y,155689712.0
GAM,y,841596032.0
GARS,y,55691420.0
GASS,y,92177568.0
GATX,y,2268349952.0
GBAB,y,437853504.0
GBCI,y,3513440256.0
GBDC,y,2073776000.0
GBL,y,368280992.0
GBLI,y,342895680.0
GBLIZ,y,377057504.0
GBR,y,7492618.0
GBT,y,3916046336.0
GBX,y,904179904.0
GCAP,y,228334944.0
GCBC,y,190785520.0
GCI,y,203429376.0
GCO,y,245336208.0
GCP,y,1941124352.0
GCV,y,104741096.0
GD,y,43891986432.0
GDDY,y,13073794048.0
GDEN,y,300703520.0
GDL,y,129172000.0
GDO,y,261420512.0
GDOT,y,2809817856.0
GDP,y,104613728.0
GDS,y,12867350528.0
GDV,y,1720117888.0
GDYN,y,363888384.0
GE,y,56021057536.0
GEC,y,67942960.0
GECC,y,45483404.0
GEF,y,2004905728.0
GEL,y,763667200.0
GEN,y,169604592.0
GENC,y,182765088.0
GENE,y,59316756.0
GEO,y,1294932608.0
GEOS,y,103990648.0
GER,y,65372412.0
GERN,y,521416544.0
GES,y,839625600.0
GEVO,y,21169354.0
GF,y,263504304.0
GFED,y,64202396.0
GFF,y,1132520960.0
GFI,y,11896639488.0
GFL,y,7037442560.0
GFN,y,185593200.0
GFNCP,y,234892128.0
GFY,y,75783696.0
GGAL,y,3116253696.0
GGB,y,5298184704.0
GGG,y,9124092928.0
GGM,y,155537616.0
GGN,y,607539968.0
GGO,y,16646248.0
GGT,y,173791536.0
GGZ,y,90798688.0
GH,y,8466126848.0
GHC,y,2094212736.0
GHG,y,1237387648.0
GHIV,y,554924992.0
GHL,y,227463328.0
GHM,y,140773920.0
GHSI,y,34813092.0
GHY,y,546334080.0
GIB,y,18608080896.0
GIFI,y,46231972.0
GIGM,y,32272424.0
GIII,y,511281824.0
GIL,y,3640393984.0
GILD,y,86990561280.0
GILT,y,319086464.0
GIM,y,728401920.0
GIS,y,39245070336.0
GIX,y,226231648.0
GKOS,y,1921806592.0
GL,y,8800293888.0
GLAD,y,238311456.0
GLBS,y,26128238.0
GLBZ,y,22646216.0
GLDD,y,624140672.0
GLEO,y,173130000.0
GLG,y,229381520.0
GLIBA,y,8843066368.0
GLIBP,y,6803572736.0
GLMD,y,98387040.0
GLNG,y,869137088.0
GLO,y,311287712.0
GLOB,y,7076474880.0
GLOG,y,256947488.0
GLOP,y,205013872.0
GLP,y,437183392.0
GLPG,y,12484397056.0
GLPI,y,8469230592.0
GLQ,y,156255760.0
GLRE,y,263852144.0
GLT,y,722307840.0
GLU,y,89479888.0
GLUU,y,1151341184.0
GLV,y,82816048.0
GLW,y,24262565888.0
GLYC,y,186603584.0
GM,y,38238990336.0
GMAB,y,23693299712.0
GMDA,y,204693776.0
GME,y,269397024.0
GMED,y,5563351040.0
GMHI,y,535000000.0
GMHIU,y,511628096.0
GMLP,y,178105104.0
GMO,y,38171248.0
GMRE,y,624863168.0
GMS,y,1095767168.0
GMZ,y,60819096.0
GNC,y,46533960.0
GNCA,y,90193144.0
GNE,y,238619568.0
GNFT,y,196059552.0
GNK,y,293866656.0
GNL,y,1571321472.0
GNLN,y,147015488.0
GNMK,y,1149933568.0
GNPX,y,137519952.0
GNRC,y,11214240768.0
GNSS,y,137152816.0
GNT,y,109760704.0
GNTX,y,6665415680.0
GNTY,y,311910816.0
GNUS,y,346061920.0
GNW,y,1395925760.0
GO,y,4091129600.0
GOF,y,736812544.0
GOGL,y,563645312.0
GOGO,y,271834944.0
GOL,y,1184633088.0
GOLD,y,51511586816.0
GOLF,y,2612180480.0
GOOD,y,645681472.0
GOODM,y,644013760.0
GOOG,y,1018172080128.0
GOOGL,y,1017525108736.0
GOOS,y,2636894720.0
GORO,y,311841760.0
GOSS,y,1027744960.0
GPAQ,y,71981280.0
GPAQU,y,57103264.0
GPC,y,13380486144.0
GPI,y,1681659904.0
GPK,y,4112890112.0
GPL,y,327003072.0
GPM,y,269751712.0
GPMT,y,400293920.0
GPN,y,52316655616.0
GPOR,y,149594384.0
GPP,y,187754336.0
GPRE,y,511982816.0
GPRK,y,609599808.0
GPRO,y,778415552.0
GPS,y,5258471936.0
GPX,y,150749408.0
GRA,y,3114173696.0
GRAF,y,279386464.0
GRAM,y,402230240.0
GRBK,y,740676992.0
GRC,y,851708288.0
GRF,y,29212874.0
GRFS,y,16878219264.0
GRIF,y,271797024.0
GRIL,y,17248984.0
GRIN,y,69375184.0
GRMN,y,19485136896.0
GRNQ,y,49108716.0
GRNV,y,73240624.0
GROW,y,52915808.0
GRPN,y,737942016.0
GRTS,y,138916688.0
GRTX,y,197603824.0
GRUB,y,6918465536.0
GRVY,y,548893568.0
GRWG,y,425845760.0
GRX,y,193122384.0
GS,y,71621345280.0
GSAT,y,617404224.0
GSB,y,180497904.0
GSBC,y,548446528.0
GSBD,y,661324800.0
GSH,y,2314899968.0
GSHD,y,3861001984.0
GSIT,y,143771504.0
GSK,y,101625430016.0
GSKY,y,1113792768.0
GSL,y,145541760.0
GSM,y,92699680.0
GSMG,y,215083776.0
GSS,y,535236288.0
GSUM,y,24441648.0
GSV,y,297506976.0
GSX,y,25532735488.0
GT,y,2204284160.0
GTE,y,112059064.0
GTEC,y,32167732.0
GTES,y,3416394752.0
GTHX,y,594928448.0
GTIM,y,14353740.0
GTLS,y,2661822720.0
GTN,y,1453378688.0
GTS,y,452075936.0
GTT,y,325271840.0
GTX,y,443226400.0
GTY,y,1258240256.0
GTYH,y,213835280.0
GURE,y,55772140.0
GUT,y,437423008.0
GV,y,98335232.0
GVA,y,888084672.0
GVP,y,19824526.0
GWB,y,804854848.0
GWGH,y,224444000.0
GWPH,y,3578794240.0
GWRE,y,9517455360.0
GWRS,y,255679168.0
GWW,y,18716880896.0
GXGX,y,367281248.0
GYRO,y,24390088.0
H,y,5172004352.0
HA,y,605323136.0
HAE,y,4044774144.0
HAFC,y,309948320.0
HAIN,y,3452162560.0
HAL,y,13080419328.0
HALL,y,54787328.0
HALO,y,3934560768.0
HAPP,y,60000004.0
HARP,y,316283840.0
HAS,y,10516515840.0
HASI,y,2772663808.0
HAYN,y,269471072.0
HBAN,y,9827214336.0
HBANN,y,28874629120.0
HBANO,y,13289501696.0
HBB,y,253844464.0
HBCP,y,216083008.0
HBI,y,5236341248.0
HBIO,y,160813872.0
HBM,y,896874496.0
HBMD,y,186034048.0
HBNC,y,476914720.0
HBP,y,67503936.0
HBT,y,366554976.0
HCA,y,44035559424.0
HCAC,y,417584256.0
HCACU,y,459833984.0
HCAP,y,23178488.0
HCAT,y,1363364864.0
HCC,y,753962368.0
HCCH,y,68958736.0
HCCHU,y,24075200.0
HCCI,y,363013568.0
HCCO,y,338350496.0
HCFT,y,58357024.0
HCHC,y,134065160.0
HCI,y,469321216.0
HCKT,y,406875616.0
HCM,y,4317200384.0
HCR,y,15211129.0
HCSG,y,1987094144.0
HD,y,292154277888.0
HDB,y,76387368960.0
HDS,y,6052096000.0
HDSN,y,51197164.0
HE,y,3953232128.0
HEAR,y,267702352.0
HEBT,y,387894208.0
HEES,y,721141056.0
HEI,y,12026923008.0
HELE,y,5096486912.0
HEP,y,1594252800.0
HEPA,y,39620012.0
HEQ,y,138190064.0
HES,y,16287846400.0
HESM,y,330639040.0
HEXO,y,306002432.0
HFBL,y,40870888.0
HFC,y,4128092928.0
HFFG,y,471391712.0
HFRO,y,588562368.0
HFWA,y,725898432.0
HGLB,y,144237168.0
HGSH,y,42347000.0
HGV,y,1856391168.0
HHC,y,3021090816.0
HHHH,y,71219128.0
HHHHU,y,24290060.0
HHR,y,1070261760.0
HHT,y,36349488.0
HI,y,2486307072.0
HIBB,y,410995488.0
HIE,y,121115736.0
HIFS,y,380368192.0
HIG,y,15330788352.0
HIHO,y,11367591.0
HII,y,6795634688.0
HIL,y,84094048.0
HIMX,y,693901568.0
HIO,y,633859712.0
HIW,y,4140255488.0
HIX,y,558503872.0
HJLI,y,13904056.0
HKIB,y,3487917312.0
HL,y,3219878912.0
HLF,y,6886294016.0
HLG,y,1278078208.0
HLI,y,3960291584.0
HLIO,y,1354666624.0
HLIT,y,647903552.0
HLNE,y,3817304576.0
HLT,y,23206744064.0
HLX,y,691772032.0
HMC,y,42336927744.0
HMG,y,10273950.0
HMHC,y,354898976.0
HMI,y,703126848.0
HMLP,y,339853120.0
HMN,y,1669014528.0
HMNF,y,69014856.0
HMST,y,666064256.0
HMSY,y,2749684992.0
HMTV,y,348648992.0
HMY,y,3938189056.0
HNGR,y,784876480.0
HNI,y,1355373952.0
HNNA,y,62811972.0
HNP,y,6475458048.0
HNRG,y,25892798.0
HNW,y,107243008.0
HOFT,y,259320896.0
HOG,y,4014663936.0
HOLI,y,736131136.0
HOLX,y,17753421824.0
HOMB,y,2879540736.0
HOME,y,997479936.0
HON,y,108853559296.0
HONE,y,528098720.0
HOOK,y,275936992.0
HOPE,y,1082038400.0
HOTH,y,37038924.0
HOV,y,157522352.0
HOVNP,y,869459392.0
HP,y,1981894400.0
HPE,y,12963229696.0
HPF,y,399213216.0
HPI,y,554512704.0
HPP,y,3640742912.0
HPQ,y,26411358208.0
HPR,y,85911864.0
HPS,y,529110432.0
HQH,y,924994112.0
HQI,y,82489664.0
HQL,y,424910528.0
HQY,y,3934933248.0
HR,y,3983485440.0
HRB,y,2960293376.0
HRC,y,6336228352.0
HRI,y,1130316160.0
HRL,y,27820701696.0
HROW,y,150382944.0
HRTG,y,380474624.0
HRTX,y,1390994560.0
HRZN,y,209943088.0
HSBC,y,86700367872.0
HSC,y,1235630336.0
HSDT,y,20729560.0
HSIC,y,9679671296.0
HSII,y,410826208.0
HSKA,y,986151616.0
HSON,y,26715450.0
HST,y,8110524416.0
HSTM,y,714824128.0
HSY,y,29938526208.0
HT,y,255515040.0
HTA,y,5861844992.0
HTBI,y,254395184.0
HTBX,y,291099008.0
HTD,y,706246016.0
HTGC,y,1328494976.0
HTGM,y,42577660.0
HTH,y,1881164160.0
HTHT,y,10472091648.0
HTLD,y,1668095232.0
HTLF,y,1253456768.0
HTY,y,58714632.0
HTZ,y,214863936.0
HUBB,y,7712876544.0
HUBG,y,1868202240.0
HUBS,y,11776496640.0
HUD,y,476055712.0
HUGE,y,31530668.0
HUIZ,y,476751040.0
HUM,y,55290535936.0
HUN,y,4368374784.0
HURC,y,197361104.0
HURN,y,1062707456.0
HUSA,y,10232038.0
HUYA,y,5851683328.0
HVBC,y,27783564.0
HVT,y,288986944.0
HWBK,y,102881560.0
HWC,y,1767633536.0
HWCC,y,42953852.0
HWKN,y,568220544.0
HX,y,35011048.0
HXL,y,3403696384.0
HY,y,696399488.0
HYAC,y,508000000.0
HYB,y,194429248.0
HYI,y,328445312.0
HYRE,y,63532444.0
HYT,y,1327534592.0
HZN,y,118702312.0
HZNP,y,15703347200.0
HZO,y,675012992.0
I,y,54362104.0
IAA,y,6359331840.0
IAC,y,11326853120.0
IAE,y,91859504.0
IAF,y,107571080.0
IAG,y,2181388288.0
IART,y,4080104960.0
IBA,y,1826368384.0
IBCP,y,327554080.0
IBIO,y,546762944.0
IBKCN,y,3624706816.0
IBKCO,y,3849264384.0
IBKCP,y,3595174400.0
IBKR,y,21273862144.0
IBM,y,111286755328.0
IBN,y,30912907264.0
IBOC,y,2101219840.0
IBP,y,2555975936.0
IBTX,y,2050213120.0
ICAD,y,237676384.0
ICBK,y,123295400.0
ICCC,y,40248092.0
ICCH,y,36588588.0
ICD,y,16416384.0
ICE,y,54849245184.0
ICFI,y,1357846016.0
ICHR,y,694222400.0
ICL,y,4689570304.0
ICLK,y,635903552.0
ICLR,y,9994792960.0
ICMB,y,43877548.0
ICON,y,13282416.0
ICPT,y,1605976064.0
ICUI,y,3706292480.0
IDA,y,4676734976.0
IDCC,y,1944724864.0
IDE,y,176400096.0
IDEX,y,273672096.0
IDN,y,142556384.0
IDRA,y,73566328.0
IDT,y,179207104.0
IDXG,y,25672776.0
IDXX,y,32470484992.0
IDYA,y,338598176.0
IEA,y,75170704.0
IEC,y,92759992.0
IEP,y,11489104896.0
IESC,y,579105280.0
IEX,y,12651012096.0
IFF,y,13558977536.0
IFMK,y,26167630.0
IFN,y,444194944.0
IFRX,y,130562888.0
IFS,y,2889141248.0
IGA,y,153395904.0
IGC,y,29036200.0
IGD,y,484416192.0
IGI,y,243455168.0
IGIC,y,324596896.0
IGMS,y,1600771200.0
IGR,y,731019328.0
IGT,y,2119991040.0
IHC,y,519270272.0
IHD,y,123374664.0
IHG,y,9244964864.0
IHIT,y,190564240.0
IHRT,y,537133120.0
IHT,y,10426102.0
IHTA,y,67855328.0
IID,y,35720388.0
IIF,y,225629504.0
III,y,100939344.0
IIIN,y,382324896.0
IIIV,y,714536512.0
IIM,y,725140672.0
IIN,y,103794400.0
IIPR,y,2487516672.0
IIVI,y,5333943296.0
IKNX,y,7411312.0
ILMN,y,52282019840.0
ILPT,y,1415048320.0
IMAB,y,1739496320.0
IMAC,y,13212013.0
IMAX,y,698048768.0
IMBI,y,43540240.0
IMGN,y,707767808.0
IMH,y,30783356.0
IMKTA,y,870563648.0
IMMP,y,51780628.0
IMMR,y,220922656.0
IMMU,y,9927634944.0
IMO,y,11935392768.0
IMOS,y,795237568.0
IMRA,y,353559008.0
IMRN,y,68919792.0
IMTE,y,14689032.0
IMUX,y,279907232.0
IMV,y,313171968.0
IMVT,y,2222005760.0
IMXI,y,669030400.0
INBK,y,143458096.0
INCY,y,21198495744.0
INDB,y,2257192704.0
INDO,y,34632216.0
INFI,y,57699172.0
INFN,y,1558327680.0
INFO,y,33316165632.0
INFU,y,278363968.0
INFY,y,53807419392.0
ING,y,30637842432.0
INGN,y,770103424.0
INGR,y,5334844416.0
INMB,y,143354608.0
INMD,y,1042027392.0
INN,y,640523840.0
INO,y,3196700928.0
INOD,y,35955320.0
INOV,y,3939701760.0
INPX,y,54594612.0
INS,y,307644416.0
INSE,y,84029576.0
INSG,y,1171982208.0
INSI,y,227373296.0
INSM,y,3106123264.0
INSP,y,2811866368.0
INSU,y,230490832.0
INSUU,y,180127680.0
INSW,y,501593664.0
INT,y,1563756160.0
INTC,y,204271583232.0
INTG,y,61738644.0
INTT,y,48981996.0
INTU,y,80690372608.0
INUV,y,63839640.0
INVA,y,1369805952.0
INVE,y,88726488.0
INVH,y,16928097280.0
INWK,y,148692544.0
IO,y,35336008.0
IONS,y,7852367872.0
IOR,y,49974336.0
IOSP,y,1940626304.0
IOTS,y,391868736.0
IOVA,y,4275966720.0
IP,y,13950870528.0
IPAR,y,1402228096.0
IPDN,y,19229700.0
IPG,y,7178482688.0
IPGP,y,8694737920.0
IPHA,y,480449248.0
IPHI,y,6045929472.0
IPI,y,123405120.0
IPLDP,y,342025056.0
IPV,y,310244448.0
IPWR,y,14905153.0
IQ,y,16587713536.0
IQI,y,673210752.0
IQV,y,30706647040.0
IR,y,14138301440.0
IRBT,y,2005229568.0
IRCP,y,439076800.0
IRDM,y,3926112256.0
IRET,y,933783808.0
IRIX,y,31576122.0
IRL,y,41809884.0
IRM,y,8478154752.0
IRMD,y,264015504.0
IROQ,y,53109828.0
IRR,y,57296484.0
IRS,y,357167168.0
IRT,y,1130311424.0
IRTC,y,5463932416.0
IRWD,y,1625665792.0
ISBC,y,2059250048.0
ISD,y,463265856.0
ISDR,y,63859952.0
ISEE,y,392000064.0
ISIG,y,10002626.0
ISNS,y,20794020.0
ISR,y,44514024.0
ISRG,y,80262283264.0
ISSC,y,114135168.0
ISTR,y,153386000.0
IT,y,11737655296.0
ITCB,y,1713566592.0
ITCI,y,1389479936.0
ITGR,y,2134528128.0
ITI,y,205447520.0
ITIC,y,241976480.0
ITMR,y,307879648.0
ITP,y,14268806.0
ITRI,y,2704690688.0
ITRM,y,21861544.0
ITRN,y,332411648.0
ITT,y,5214239744.0
ITUB,y,45081591808.0
ITW,y,60200845312.0
IVAC,y,137793216.0
IVC,y,246099424.0
IVH,y,199339504.0
IVR,y,594690240.0
IVZ,y,4949809664.0
IX,y,15023424512.0
IZEA,y,63288480.0
J,y,11890594816.0
JACK,y,1860486784.0
JAGX,y,23988180.0
JAKK,y,22070672.0
JAN,y,8293292.0
JAX,y,66501828.0
JAZZ,y,6992220160.0
JBGS,y,3799635968.0
JBHT,y,14343675904.0
JBL,y,5280630272.0
JBLU,y,2931303680.0
JBSS,y,1029544000.0
JBT,y,3257237760.0
JCAP,y,401753760.0
JCE,y,209182368.0
JCI,y,29055074304.0
JCO,y,230889264.0
JCOM,y,2928183552.0
JCP,y,58560336.0
JCS,y,46476904.0
JCTCF,y,25760584.0
JD,y,97441021952.0
JDD,y,155720976.0
JE,y,52240476.0
JEF,y,4492563968.0
JELD,y,2393518336.0
JEMD,y,105528768.0
JEQ,y,101904600.0
JFIN,y,199352256.0
JFK,y,76503248.0
JFKKU,y,85731688.0
JFR,y,462747424.0
JFU,y,400141568.0
JG,y,199043568.0
JGH,y,327033120.0
JHAA,y,72800200.0
JHB,y,512307840.0
JHG,y,3894006528.0
JHI,y,141053728.0
JHS,y,181454032.0
JHX,y,13432985600.0
JHY,y,149072416.0
JIH,y,435131264.0
JILL,y,24972858.0
JJSF,y,2431206656.0
JKHY,y,14097233920.0
JKS,y,972060544.0
JLL,y,4890967040.0
JLS,y,103273616.0
JMF,y,58324980.0
JMIA,y,1510141952.0
JMLP,y,14985222.0
JMP,y,55451020.0
JNCE,y,163454880.0
JNJ,y,391237074944.0
JNPR,y,8605595648.0
JOB,y,20996480.0
JOBS,y,4601567744.0
JOE,y,1285404928.0
JOF,y,220437744.0
JOUT,y,897648064.0
JP,y,59000024.0
JPC,y,919663680.0
JPI,y,509991104.0
JPM,y,302870495232.0
JPS,y,1854398080.0
JPT,y,158247888.0
JQC,y,819078336.0
JRI,y,338695232.0
JRJC,y,25249866.0
JRO,y,325951232.0
JRS,y,227672896.0
JRSH,y,51642000.0
JRVR,y,1435694976.0
JSD,y,120137640.0
JT,y,108291256.0
JTA,y,115793520.0
JTD,y,192786032.0
JVA,y,17933308.0
JWN,y,2512527872.0
JYNT,y,226429440.0
K,y,23839727616.0
KAI,y,1331263232.0
KALA,y,496985824.0
KALU,y,1055306176.0
KALV,y,207027520.0
KAMN,y,1239008512.0
KAR,y,2264074496.0
KB,y,12086618112.0
KBAL,y,423212800.0
KBH,y,3402049792.0
KBLM,y,48311172.0
KBLMU,y,50986604.0
KBR,y,3339710208.0
KBSF,y,6374598.0
KDMN,y,680110528.0
KDP,y,41695334400.0
KE,y,349322432.0
KELYA,y,659182592.0
KELYB,y,767891264.0
KEN,y,1115672448.0
KEP,y,10580337664.0
KEQU,y,29985004.0
KERN,y,86844488.0
KEX,y,2777958400.0
KEY,y,12229279744.0
KEYS,y,18355810304.0
KF,y,151118784.0
KFFB,y,49760888.0
KFRC,y,671909312.0
KFS,y,63591080.0
KFY,y,1662106240.0
KGC,y,11868832768.0
KGJI,y,6973946.0
KHC,y,43291557888.0
KIDS,y,967623424.0
KIM,y,5160023040.0
KIN,y,164953600.0
KINS,y,59093584.0
KIO,y,272153216.0
KIQ,y,37166052.0
KIRK,y,87870912.0
KKR,y,31184891904.0
KL,y,14551620608.0
KLAC,y,31451688960.0
KLDO,y,240650480.0
KLIC,y,1535489664.0
KLR,y,170139600.0
KLXE,y,72879760.0
KMB,y,53633048576.0
KMDA,y,396096192.0
KMF,y,218052448.0
KMI,y,32413892608.0
KMPH,y,28606732.0
KMPR,y,5543318528.0
KMT,y,2428551168.0
KMX,y,16353461248.0
KN,y,1446096640.0
KNDI,y,478815584.0
KNL,y,672609536.0
KNOP,y,428292736.0
KNSA,y,1337115904.0
KNSL,y,4396614656.0
KNX,y,7281327104.0
KO,y,205322027008.0
KOD,y,2139704320.0
KODK,y,1123358080.0
KOF,y,77925621760.0
KOP,y,548661376.0
KOPN,y,152838544.0
KOS,y,652710080.0
KOSS,y,17253254.0
KPTI,y,1119072896.0
KR,y,27414114304.0
KRA,y,479535136.0
KRC,y,6743789056.0
KREF,y,965550336.0
KRG,y,910140480.0
KRKR,y,121856472.0
KRMD,y,389039040.0
KRNT,y,2318500096.0
KRNY,y,719716672.0
KRO,y,1376117120.0
KRP,y,523173888.0
KRTX,y,2289765888.0
KRUS,y,91344680.0
KRYS,y,784662528.0
KSM,y,126828144.0
KSS,y,3473368576.0
KSU,y,17647091712.0
KT,y,5068697600.0
KTB,y,1188924032.0
KTCC,y,87476360.0
KTF,y,455445376.0
KTOS,y,2375840000.0
KTOV,y,157727520.0
KURA,y,1140953728.0
KVHI,y,140124032.0
KW,y,2113592832.0
KWR,y,3521116928.0
KXIN,y,69205568.0
KYN,y,644884800.0
KZIA,y,43606272.0
KZR,y,211450000.0
L,y,10589564928.0
LAC,y,637161856.0
LACQ,y,65252960.0
LACQU,y,63386612.0
LAD,y,5509910016.0
LADR,y,945100736.0
LAIX,y,140330640.0
LAKE,y,186964000.0
LAMR,y,6561426432.0
LANC,y,4543717376.0
LAND,y,363376192.0
LANDP,y,236549568.0
LARK,y,97062624.0
LASR,y,972222016.0
LATN,y,250500016.0
LAUR,y,2707555072.0
LAWS,y,334025920.0
LAZ,y,3291154432.0
LAZY,y,122397184.0
LB,y,7234667008.0
LBAI,y,554590528.0
LBC,y,534305568.0
LBRDA,y,26267860992.0
LBRDK,y,26303117312.0
LBRT,y,731812352.0
LBTYA,y,13095888896.0
LBTYB,y,13434264576.0
LBTYK,y,13031606272.0
LBY,y,17964838.0
LC,y,403346848.0
LCA,y,481885312.0
LCAHU,y,513135296.0
LCI,y,251386112.0
LCII,y,3157267200.0
LCNB,y,183868496.0
LCTX,y,136037456.0
LCUT,y,185206736.0
LDL,y,369642272.0
LDOS,y,13253902336.0
LDP,y,691674880.0
LE,y,320789920.0
LEA,y,6741257216.0
LEAF,y,130010152.0
LECO,y,5654074880.0
LEDS,y,15344205.0
LEE,y,55216184.0
LEG,y,5178644992.0
LEGH,y,352889856.0
LEJU,y,397044096.0
LEN,y,22203072512.0
LEO,y,539358976.0
LEU,y,162158288.0
LEVI,y,4957237760.0
LEVL,y,125528008.0
LFAC,y,203765104.0
LFACU,y,214209152.0
LFC,y,133278646272.0
LFUS,y,4507090944.0
LFVN,y,194086992.0
LGC,y,386454592.0
LGI,y,197500912.0
LGIH,y,2810993920.0
LGL,y,52068380.0
LGND,y,1888407808.0
LH,y,18808913920.0
LHC,y,567552768.0
LHCG,y,6730898944.0
LHX,y,37972492288.0
LIFE,y,37441120.0
LII,y,10204637184.0
LILA,y,1715890688.0
LILAK,y,1686746112.0
LIN,y,128876060672.0
LINC,y,137886336.0
LIND,y,399647840.0
LINX,y,873203712.0
LIQT,y,148500128.0
LITB,y,308501760.0
LITE,y,6841365504.0
LIVE,y,15628171.0
LIVK,y,100413072.0
LIVN,y,2311186432.0
LIVX,y,201691376.0
LIZI,y,234153472.0
LJPC,y,97729704.0
LK,y,349342880.0
LKCO,y,128843520.0
LKFN,y,1265392128.0
LKQ,y,9171390464.0
LL,y,614568896.0
LLIT,y,15337069.0
LLNW,y,744639168.0
LLY,y,146272960512.0
LM,y,4446540800.0
LMAT,y,598589248.0
LMB,y,34790472.0
LMFA,y,8446536.0
LMNL,y,437256192.0
LMNR,y,259650960.0
LMNX,y,1486401024.0
LMPX,y,74731560.0
LMRK,y,267264208.0
LMRKO,y,360472320.0
LMST,y,81066896.0
LMT,y,107796987904.0
LN,y,12309639168.0
LNC,y,7412072960.0
LND,y,225158848.0
LNDC,y,301160288.0
LNG,y,13447440384.0
LNN,y,1116634496.0
LNT,y,13652858880.0
LNTH,y,887950080.0
LOAC,y,27975632.0
LOACU,y,18838420.0
LOAN,y,40432728.0
LOB,y,760402816.0
LOCO,y,625763008.0
LODE,y,27183936.0
LOGC,y,184188096.0
LOGI,y,12193818624.0
LOGM,y,4211032064.0
LOMA,y,1196096512.0
LONE,y,9976403.0
LOOP,y,410933216.0
LOPE,y,4772615168.0
LORL,y,672479040.0
LOV,y,142531232.0
LOVE,y,490516000.0
LOW,y,115349356544.0
LPCN,y,88098280.0
LPG,y,451619936.0
LPI,y,189091008.0
LPL,y,3699606528.0
LPLA,y,6729759744.0
LPSN,y,3807064064.0
LPTH,y,73449496.0
LPTX,y,111718056.0
LPX,y,3523841280.0
LQDA,y,234784464.0
LQDT,y,209567504.0
LRCX,y,54127079424.0
LRN,y,2031958528.0
LSBK,y,68164168.0
LSCC,y,4064682240.0
LSI,y,4791989248.0
LSTR,y,4890699776.0
LSXMA,y,13894021120.0
LSXMB,y,13570869248.0
LSXMK,y,13890194432.0
LTBR,y,26699394.0
LTC,y,1511236352.0
LTHM,y,1036487104.0
LTRPA,y,309207360.0
LTRPB,y,317324800.0
LTRX,y,124975832.0
LUB,y,36138088.0
LULU,y,44546416640.0
LUMO,y,125635920.0
LUNA,y,205784544.0
LUV,y,19630940160.0
LVGO,y,11824118784.0
LVS,y,33760094208.0
LW,y,9118453760.0
LWAY,y,54146364.0
LX,y,1539118592.0
LXFR,y,383858208.0
LXP,y,3298353152.0
LXRX,y,197075040.0
LXU,y,35473812.0
LYB,y,22263724032.0
LYFT,y,9262594048.0
LYG,y,26158813184.0
LYL,y,13819894.0
LYTS,y,175230496.0
LYV,y,10352201728.0
LZB,y,1432429184.0
M,y,2053755776.0
MA,y,328367669248.0
MAA,y,13322378240.0
MAC,y,1173127552.0
MACK,y,45091272.0
MAG,y,1496156032.0
MAGS,y,78955144.0
MAIN,y,2078848128.0
MAN,y,4271326464.0
MANH,y,6004677632.0
MANT,y,2915247616.0
MANU,y,2478469376.0
MAR,y,30408726528.0
MARA,y,128979176.0
MARK,y,169989216.0
MARPS,y,4300000.0
MAS,y,15213316096.0
MASI,y,11928133632.0
MAT,y,3940761088.0
MATW,y,706274112.0
MATX,y,1675210112.0
MAV,y,270775680.0
MAXR,y,1506000512.0
MAYS,y,37816032.0
MBCN,y,114805984.0
MBI,y,467211264.0
MBII,y,199838208.0
MBIN,y,566000896.0
MBINP,y,439067968.0
MBIO,y,145283216.0
MBOT,y,49296624.0
MBRX,y,65235460.0
MBT,y,7915563520.0
MBUU,y,1173923456.0
MBWM,y,367947712.0
MC,y,1721590016.0
MCA,y,512644928.0
MCB,y,261251872.0
MCBC,y,264049312.0
MCBS,y,366354080.0
MCC,y,42217504.0
MCD,y,152131551232.0
MCEP,y,43936304.0
MCF,y,283266816.0
MCFT,y,393860736.0
MCHP,y,24985174016.0
MCHX,y,77035168.0
MCI,y,271304160.0
MCK,y,24652879872.0
MCMJ,y,160444624.0
MCN,y,123377240.0
MCO,y,51715100672.0
MCR,y,382438464.0
MCRB,y,353839424.0
MCRI,y,733768448.0
MCS,y,418384928.0
MCY,y,2523757568.0
MD,y,1746837120.0
MDB,y,10118760448.0
MDC,y,2757960960.0
MDCA,y,160153712.0
MDGL,y,1623923328.0
MDGS,y,11985973.0
MDIA,y,37398344.0
MDJH,y,36086480.0
MDLA,y,4297408512.0
MDLY,y,24780262.0
MDLZ,y,79415697408.0
MDP,y,703534144.0
MDRR,y,7929109.0
MDRX,y,1506648320.0
MDT,y,134197067776.0
MDU,y,4683114496.0
MDWD,y,106395400.0
MEC,y,160475200.0
MED,y,1921165440.0
MEDP,y,4420346880.0
MEDS,y,54985160.0
MEET,y,450208576.0
MEI,y,1130394624.0
MEIP,y,294677216.0
MELI,y,59352248320.0
MEN,y,348757632.0
MEOH,y,1495905408.0
MERC,y,498621536.0
MESA,y,115087320.0
MESO,y,1870633088.0
MET,y,35141844992.0
METC,y,103793320.0
METX,y,596879360.0
MFA,y,1278142336.0
MFAC,y,217959328.0
MFC,y,28524427264.0
MFD,y,70858280.0
MFG,y,31685535744.0
MFGP,y,1374374400.0
MFH,y,29113136.0
MFIN,y,77893040.0
MFINL,y,150309952.0
MFL,y,528651968.0
MFM,y,278428192.0
MFNC,y,100069200.0
MFT,y,120736968.0
MFV,y,38432380.0
MG,y,120076040.0
MGA,y,14674947072.0
MGEE,y,2449347328.0
MGEN,y,61705120.0
MGF,y,154136464.0
MGI,y,218906128.0
MGIC,y,634814144.0
MGLN,y,1897014400.0
MGM,y,9387138048.0
MGNX,y,1483186176.0
MGP,y,8563866624.0
MGPI,y,598730816.0
MGRC,y,1455582592.0
MGTA,y,365211616.0
MGTX,y,515601120.0
MGU,y,229666080.0
MGY,y,1587400960.0
MGYR,y,48054904.0
MHD,y,228207776.0
MHF,y,164410032.0
MHH,y,257841344.0
MHI,y,275988160.0
MHK,y,6096952320.0
MHLD,y,135950160.0
MHO,y,1181705088.0
MICR,y,4708708.0
MICT,y,39987720.0
MIE,y,55958652.0
MIME,y,2839844608.0
MIN,y,450971616.0
MIND,y,30942788.0
MINDP,y,34233304.0
MINI,y,1308248320.0
MIST,y,241326960.0
MITK,y,465937344.0
MITO,y,94685376.0
MITT,y,91905800.0
MIXT,y,219964352.0
MKC,y,26847266816.0
MKD,y,229269888.0
MKGI,y,29841414.0
MKSI,y,6786475520.0
MKTX,y,19297218560.0
MLCO,y,7988828160.0
MLHR,y,1506109568.0
MLI,y,1655485696.0
MLM,y,13699158016.0
MLND,y,34769472.0
MLNX,y,7023214080.0
MLR,y,327337568.0
MLSS,y,119505960.0
MLVF,y,85346632.0
MMAC,y,147646608.0
MMD,y,600068928.0
MMI,y,1058431616.0
MMLP,y,76927920.0
MMM,y,91201093632.0
MMP,y,9081024512.0
MMS,y,4703900672.0
MMSI,y,2346621952.0
MMT,y,366603712.0
MMU,y,549036416.0
MMYT,y,1491633024.0
MN,y,54522536.0
MNCL,y,229040976.0
MNCLU,y,54159104.0
MNDO,y,41782228.0
MNE,y,61253172.0
MNK,y,121808168.0
MNKD,y,380429760.0
MNLO,y,266520224.0
MNOV,y,280436736.0
MNP,y,146174768.0
MNR,y,1417714816.0
MNRL,y,688037056.0
MNRO,y,1830727168.0
MNSB,y,108257608.0
